Title,Price,Rating,Link
Apple iPhone 15 (128 GB) - Black,61400,4.5 out of 5 stars,https://www.amazon.in/Apple-iPhone-15-128-GB/dp/B0CHX1W1XY/ref=sr_1_1?dib=eyJ2IjoiMSJ9.8-aKrERwPzdGyJWfWOa56I4wwdlI59jT8Bz9mNMoRuKrMYRx5crEXI4FFn4JUP19dt2pRIbVxf6eyCuyDZXg0LiUOxfAHAWmzE3FgczDqOHc2dRJSLdvNOP9v0aQzD5xV0JpupmUmYsY0RQr9BlgRfVvzJanzE6lVv1T9MZmpHUC9DIHI6RE28E2Ktls4xTPbRypPQ_HuiKfFo19yRUHT0dHeFJARhe_cEIt85_jiyM.A4kQ8FOxrIg9daFBgy5sF63bPPyDkKGLf8xTYbE0QA8&dib_tag=se&keywords=iPhone+15&qid=1743846225&sr=8-1
Apple iPhone 15 (128 GB) - Blue,61790,4.5 out of 5 stars,https://www.amazon.in/Apple-iPhone-15-128-GB/dp/B0CHX2F5QT/ref=sr_1_2?dib=eyJ2IjoiMSJ9.8-aKrERwPzdGyJWfWOa56I4wwdlI59jT8Bz9mNMoRuKrMYRx5crEXI4FFn4JUP19dt2pRIbVxf6eyCuyDZXg0LiUOxfAHAWmzE3FgczDqOHc2dRJSLdvNOP9v0aQzD5xV0JpupmUmYsY0RQr9BlgRfVvzJanzE6lVv1T9MZmpHUC9DIHI6RE28E2Ktls4xTPbRypPQ_HuiKfFo19yRUHT0dHeFJARhe_cEIt85_jiyM.A4kQ8FOxrIg9daFBgy5sF63bPPyDkKGLf8xTYbE0QA8&dib_tag=se&keywords=iPhone+15&qid=1743846225&sr=8-2
Apple iPhone 15 (128 GB) - Pink,61400,4.5 out of 5 stars,https://www.amazon.in/Apple-iPhone-15-128-GB/dp/B0CHX3TW6X/ref=sr_1_3?dib=eyJ2IjoiMSJ9.8-aKrERwPzdGyJWfWOa56I4wwdlI59jT8Bz9mNMoRuKrMYRx5crEXI4FFn4JUP19dt2pRIbVxf6eyCuyDZXg0LiUOxfAHAWmzE3FgczDqOHc2dRJSLdvNOP9v0aQzD5xV0JpupmUmYsY0RQr9BlgRfVvzJanzE6lVv1T9MZmpHUC9DIHI6RE28E2Ktls4xTPbRypPQ_HuiKfFo19yRUHT0dHeFJARhe_cEIt85_jiyM.A4kQ8FOxrIg9daFBgy5sF63bPPyDkKGLf8xTYbE0QA8&dib_tag=se&keywords=iPhone+15&qid=1743846225&sr=8-3
Apple iPhone 15 (256 GB) - Pink,72400,4.5 out of 5 stars,https://www.amazon.in/Apple-iPhone-15-256-GB/dp/B0CHX4CRND/ref=sr_1_4?dib=eyJ2IjoiMSJ9.8-aKrERwPzdGyJWfWOa56I4wwdlI59jT8Bz9mNMoRuKrMYRx5crEXI4FFn4JUP19dt2pRIbVxf6eyCuyDZXg0LiUOxfAHAWmzE3FgczDqOHc2dRJSLdvNOP9v0aQzD5xV0JpupmUmYsY0RQr9BlgRfVvzJanzE6lVv1T9MZmpHUC9DIHI6RE28E2Ktls4xTPbRypPQ_HuiKfFo19yRUHT0dHeFJARhe_cEIt85_jiyM.A4kQ8FOxrIg9daFBgy5sF63bPPyDkKGLf8xTYbE0QA8&dib_tag=se&keywords=iPhone+15&qid=1743846225&sr=8-4
Apple iPhone 15 (256 GB) - Black,72400,4.5 out of 5 stars,https://www.amazon.in/Apple-iPhone-15-256-GB/dp/B0CHX2WQLX/ref=sr_1_5?dib=eyJ2IjoiMSJ9.8-aKrERwPzdGyJWfWOa56I4wwdlI59jT8Bz9mNMoRuKrMYRx5crEXI4FFn4JUP19dt2pRIbVxf6eyCuyDZXg0LiUOxfAHAWmzE3FgczDqOHc2dRJSLdvNOP9v0aQzD5xV0JpupmUmYsY0RQr9BlgRfVvzJanzE6lVv1T9MZmpHUC9DIHI6RE28E2Ktls4xTPbRypPQ_HuiKfFo19yRUHT0dHeFJARhe_cEIt85_jiyM.A4kQ8FOxrIg9daFBgy5sF63bPPyDkKGLf8xTYbE0QA8&dib_tag=se&keywords=iPhone+15&qid=1743846225&sr=8-5
Apple iPhone 15 (128 GB) - Green,61790,4.5 out of 5 stars,https://www.amazon.in/Apple-iPhone-15-128-GB/dp/B0CHX6NQMD/ref=sr_1_6?dib=eyJ2IjoiMSJ9.8-aKrERwPzdGyJWfWOa56I4wwdlI59jT8Bz9mNMoRuKrMYRx5crEXI4FFn4JUP19dt2pRIbVxf6eyCuyDZXg0LiUOxfAHAWmzE3FgczDqOHc2dRJSLdvNOP9v0aQzD5xV0JpupmUmYsY0RQr9BlgRfVvzJanzE6lVv1T9MZmpHUC9DIHI6RE28E2Ktls4xTPbRypPQ_HuiKfFo19yRUHT0dHeFJARhe_cEIt85_jiyM.A4kQ8FOxrIg9daFBgy5sF63bPPyDkKGLf8xTYbE0QA8&dib_tag=se&keywords=iPhone+15&qid=1743846225&sr=8-6
Apple iPhone 15 (512 GB) - Black,84999,4.5 out of 5 stars,https://www.amazon.in/Apple-iPhone-15-512-GB/dp/B0CHX9MF1L/ref=sr_1_7?dib=eyJ2IjoiMSJ9.8-aKrERwPzdGyJWfWOa56I4wwdlI59jT8Bz9mNMoRuKrMYRx5crEXI4FFn4JUP19dt2pRIbVxf6eyCuyDZXg0LiUOxfAHAWmzE3FgczDqOHc2dRJSLdvNOP9v0aQzD5xV0JpupmUmYsY0RQr9BlgRfVvzJanzE6lVv1T9MZmpHUC9DIHI6RE28E2Ktls4xTPbRypPQ_HuiKfFo19yRUHT0dHeFJARhe_cEIt85_jiyM.A4kQ8FOxrIg9daFBgy5sF63bPPyDkKGLf8xTYbE0QA8&dib_tag=se&keywords=iPhone+15&qid=1743846225&sr=8-7
Apple iPhone 15 (512 GB) - Green,84999,4.5 out of 5 stars,https://www.amazon.in/Apple-iPhone-15-512-GB/dp/B0CHX2XFJJ/ref=sr_1_8?dib=eyJ2IjoiMSJ9.8-aKrERwPzdGyJWfWOa56I4wwdlI59jT8Bz9mNMoRuKrMYRx5crEXI4FFn4JUP19dt2pRIbVxf6eyCuyDZXg0LiUOxfAHAWmzE3FgczDqOHc2dRJSLdvNOP9v0aQzD5xV0JpupmUmYsY0RQr9BlgRfVvzJanzE6lVv1T9MZmpHUC9DIHI6RE28E2Ktls4xTPbRypPQ_HuiKfFo19yRUHT0dHeFJARhe_cEIt85_jiyM.A4kQ8FOxrIg9daFBgy5sF63bPPyDkKGLf8xTYbE0QA8&dib_tag=se&keywords=iPhone+15&qid=1743846225&sr=8-8
Apple iPhone 15 (512 GB) - Pink,84999,4.5 out of 5 stars,https://www.amazon.in/Apple-iPhone-15-512-GB/dp/B0CHWWNKS6/ref=sr_1_9?dib=eyJ2IjoiMSJ9.8-aKrERwPzdGyJWfWOa56I4wwdlI59jT8Bz9mNMoRuKrMYRx5crEXI4FFn4JUP19dt2pRIbVxf6eyCuyDZXg0LiUOxfAHAWmzE3FgczDqOHc2dRJSLdvNOP9v0aQzD5xV0JpupmUmYsY0RQr9BlgRfVvzJanzE6lVv1T9MZmpHUC9DIHI6RE28E2Ktls4xTPbRypPQ_HuiKfFo19yRUHT0dHeFJARhe_cEIt85_jiyM.A4kQ8FOxrIg9daFBgy5sF63bPPyDkKGLf8xTYbE0QA8&dib_tag=se&keywords=iPhone+15&qid=1743846225&sr=8-9
Apple iPhone 15 (512 GB) - Yellow,84999,4.5 out of 5 stars,https://www.amazon.in/Apple-iPhone-15-512-GB/dp/B0CHX3QB9M/ref=sr_1_10?dib=eyJ2IjoiMSJ9.8-aKrERwPzdGyJWfWOa56I4wwdlI59jT8Bz9mNMoRuKrMYRx5crEXI4FFn4JUP19dt2pRIbVxf6eyCuyDZXg0LiUOxfAHAWmzE3FgczDqOHc2dRJSLdvNOP9v0aQzD5xV0JpupmUmYsY0RQr9BlgRfVvzJanzE6lVv1T9MZmpHUC9DIHI6RE28E2Ktls4xTPbRypPQ_HuiKfFo19yRUHT0dHeFJARhe_cEIt85_jiyM.A4kQ8FOxrIg9daFBgy5sF63bPPyDkKGLf8xTYbE0QA8&dib_tag=se&keywords=iPhone+15&qid=1743846225&sr=8-10
Apple iPhone 15 Plus (128 GB) - Yellow,74900,4.6 out of 5 stars,https://www.amazon.in/Apple-iPhone-15-Plus-128/dp/B0CHX3D519/ref=sr_1_11?dib=eyJ2IjoiMSJ9.8-aKrERwPzdGyJWfWOa56I4wwdlI59jT8Bz9mNMoRuKrMYRx5crEXI4FFn4JUP19dt2pRIbVxf6eyCuyDZXg0LiUOxfAHAWmzE3FgczDqOHc2dRJSLdvNOP9v0aQzD5xV0JpupmUmYsY0RQr9BlgRfVvzJanzE6lVv1T9MZmpHUC9DIHI6RE28E2Ktls4xTPbRypPQ_HuiKfFo19yRUHT0dHeFJARhe_cEIt85_jiyM.A4kQ8FOxrIg9daFBgy5sF63bPPyDkKGLf8xTYbE0QA8&dib_tag=se&keywords=iPhone+15&qid=1743846225&sr=8-11
Apple iPhone 15 (256 GB) - Green,72400,4.5 out of 5 stars,https://www.amazon.in/Apple-iPhone-15-256-GB/dp/B0CHX41VNZ/ref=sr_1_12?dib=eyJ2IjoiMSJ9.8-aKrERwPzdGyJWfWOa56I4wwdlI59jT8Bz9mNMoRuKrMYRx5crEXI4FFn4JUP19dt2pRIbVxf6eyCuyDZXg0LiUOxfAHAWmzE3FgczDqOHc2dRJSLdvNOP9v0aQzD5xV0JpupmUmYsY0RQr9BlgRfVvzJanzE6lVv1T9MZmpHUC9DIHI6RE28E2Ktls4xTPbRypPQ_HuiKfFo19yRUHT0dHeFJARhe_cEIt85_jiyM.A4kQ8FOxrIg9daFBgy5sF63bPPyDkKGLf8xTYbE0QA8&dib_tag=se&keywords=iPhone+15&qid=1743846225&sr=8-12
mobistyle Back Cover Case for iPhone 15 | Camera Lens Protection | Tulip Flower Print Design for Women Teen Girls (Polycarbonate | TPU),399,3.9 out of 5 stars,https://www.amazon.in/mobistyle-iPhone-15-Protection-Polycarbonate/dp/B0DVGYCV6X/ref=sr_1_13?dib=eyJ2IjoiMSJ9.8-aKrERwPzdGyJWfWOa56I4wwdlI59jT8Bz9mNMoRuKrMYRx5crEXI4FFn4JUP19dt2pRIbVxf6eyCuyDZXg0LiUOxfAHAWmzE3FgczDqOHc2dRJSLdvNOP9v0aQzD5xV0JpupmUmYsY0RQr9BlgRfVvzJanzE6lVv1T9MZmpHUC9DIHI6RE28E2Ktls4xTPbRypPQ_HuiKfFo19yRUHT0dHeFJARhe_cEIt85_jiyM.A4kQ8FOxrIg9daFBgy5sF63bPPyDkKGLf8xTYbE0QA8&dib_tag=se&keywords=iPhone+15&qid=1743846225&sr=8-13
"iPhone 16e 128 GB: Built for Apple Intelligence, A18 Chip, Supersized Battery Life, 48MP Fusion. Camera, 15.40 cm (6.1″) Super Retina XDR Display; White",56790,4.1 out of 5 stars,https://www.amazon.in/iPhone-16e-128-Intelligence-Supersized/dp/B0DXQHMRCP/ref=sr_1_14?dib=eyJ2IjoiMSJ9.8-aKrERwPzdGyJWfWOa56I4wwdlI59jT8Bz9mNMoRuKrMYRx5crEXI4FFn4JUP19dt2pRIbVxf6eyCuyDZXg0LiUOxfAHAWmzE3FgczDqOHc2dRJSLdvNOP9v0aQzD5xV0JpupmUmYsY0RQr9BlgRfVvzJanzE6lVv1T9MZmpHUC9DIHI6RE28E2Ktls4xTPbRypPQ_HuiKfFo19yRUHT0dHeFJARhe_cEIt85_jiyM.A4kQ8FOxrIg9daFBgy5sF63bPPyDkKGLf8xTYbE0QA8&dib_tag=se&keywords=iPhone+15&qid=1743846225&sr=8-14
"iPhone 16 128 GB: 5G Mobile Phone with Camera Control, A18 Chip and a Big Boost in Battery Life. Works with AirPods; Ultramarine",73400,4.4 out of 5 stars,https://www.amazon.in/iPhone-16-128-GB-Ultramarine/dp/B0DGJ7TGDR/ref=sr_1_15?dib=eyJ2IjoiMSJ9.8-aKrERwPzdGyJWfWOa56I4wwdlI59jT8Bz9mNMoRuKrMYRx5crEXI4FFn4JUP19dt2pRIbVxf6eyCuyDZXg0LiUOxfAHAWmzE3FgczDqOHc2dRJSLdvNOP9v0aQzD5xV0JpupmUmYsY0RQr9BlgRfVvzJanzE6lVv1T9MZmpHUC9DIHI6RE28E2Ktls4xTPbRypPQ_HuiKfFo19yRUHT0dHeFJARhe_cEIt85_jiyM.A4kQ8FOxrIg9daFBgy5sF63bPPyDkKGLf8xTYbE0QA8&dib_tag=se&keywords=iPhone+15&qid=1743846225&sr=8-15
"iPhone 16 Pro 128 GB: 5G Mobile Phone with Camera Control, 4K 120 fps Dolby Vision and a Huge Leap in Battery Life. Works with AirPods; White Titanium",110900,4.3 out of 5 stars,https://www.amazon.in/iPhone-16-Pro-128-GB/dp/B0DGJBN8TV/ref=sr_1_16?dib=eyJ2IjoiMSJ9.8-aKrERwPzdGyJWfWOa56I4wwdlI59jT8Bz9mNMoRuKrMYRx5crEXI4FFn4JUP19dt2pRIbVxf6eyCuyDZXg0LiUOxfAHAWmzE3FgczDqOHc2dRJSLdvNOP9v0aQzD5xV0JpupmUmYsY0RQr9BlgRfVvzJanzE6lVv1T9MZmpHUC9DIHI6RE28E2Ktls4xTPbRypPQ_HuiKfFo19yRUHT0dHeFJARhe_cEIt85_jiyM.A4kQ8FOxrIg9daFBgy5sF63bPPyDkKGLf8xTYbE0QA8&dib_tag=se&keywords=iPhone+15&qid=1743846225&sr=8-16
"iPhone 16e 128 GB: Built for Apple Intelligence, A18 Chip, Supersized Battery Life, 48MP Fusion. Camera, 15.40 cm (6.1″) Super Retina XDR Display; Black",56790,4.1 out of 5 stars,https://www.amazon.in/iPhone-16e-128-Intelligence-Supersized/dp/B0DXQH1DBS/ref=sr_1_17?dib=eyJ2IjoiMSJ9.gkD1R4E4k9lpkGf2oojJwY7WE6J4ci3nsabxGwO6hnL5Lp_FRt0T1tlMZzFjKr6_9NkO0hQ0Q8-7G45_O7MNsw.QOMQ0glLz3riwnxdBxPhqbtGpXESd8KpVdkuEGgdPig&dib_tag=se&keywords=iPhone+15&qid=1743846227&sr=8-17&xpid=AEJYOfD4lQ-Ob
Apple iPhone 15 (128 GB) - Yellow,61790,4.5 out of 5 stars,https://www.amazon.in/Apple-iPhone-15-128-GB/dp/B0CHX7NG26/ref=sr_1_18?dib=eyJ2IjoiMSJ9.gkD1R4E4k9lpkGf2oojJwY7WE6J4ci3nsabxGwO6hnL5Lp_FRt0T1tlMZzFjKr6_9NkO0hQ0Q8-7G45_O7MNsw.QOMQ0glLz3riwnxdBxPhqbtGpXESd8KpVdkuEGgdPig&dib_tag=se&keywords=iPhone+15&qid=1743846227&sr=8-18&xpid=AEJYOfD4lQ-Ob
"TheGiftKart Hybrid Ultimate Slim Back Case Cover for iPhone 15 Pro Max | Camera & Screen Protection | Frosted Matte Translucent Hard Back Case for iPhone 15 Pro Max (PC & TPU, Natural Titanium Bumper)",349,4.7 out of 5 stars,https://www.amazon.in/TheGiftKart-iPhone-Pro-Natural-Titanium/dp/B0DWXVSCVP/ref=sr_1_19?dib=eyJ2IjoiMSJ9.gkD1R4E4k9lpkGf2oojJwY7WE6J4ci3nsabxGwO6hnL5Lp_FRt0T1tlMZzFjKr6_9NkO0hQ0Q8-7G45_O7MNsw.QOMQ0glLz3riwnxdBxPhqbtGpXESd8KpVdkuEGgdPig&dib_tag=se&keywords=iPhone+15&qid=1743846227&sr=8-19&xpid=AEJYOfD4lQ-Ob
"SKYCELL Charger Case Cover with Full Cable Protector 3D Cute Pattern Compatible for iPhone Charger Only 18W & 20W iPhone 16,iPhone 13,iPhone 15,iPhone 14 (Black Astronaut)",183,4.5 out of 5 stars,https://www.amazon.in/SKYCELL-Charger-Protector-Compatible-Astronaut/dp/B0DMM6XFXJ/ref=sr_1_20?dib=eyJ2IjoiMSJ9.gkD1R4E4k9lpkGf2oojJwY7WE6J4ci3nsabxGwO6hnL5Lp_FRt0T1tlMZzFjKr6_9NkO0hQ0Q8-7G45_O7MNsw.QOMQ0glLz3riwnxdBxPhqbtGpXESd8KpVdkuEGgdPig&dib_tag=se&keywords=iPhone+15&qid=1743846227&sr=8-20&xpid=AEJYOfD4lQ-Ob
"iPhone 16 256 GB: 5G Mobile Phone with Camera Control, A18 Chip and a Big Boost in Battery Life. Works with AirPods; Ultramarine",84400,4.4 out of 5 stars,https://www.amazon.in/iPhone-16-256-GB-Ultramarine/dp/B0DGJ8N32F/ref=sr_1_21?dib=eyJ2IjoiMSJ9.gkD1R4E4k9lpkGf2oojJwY7WE6J4ci3nsabxGwO6hnL5Lp_FRt0T1tlMZzFjKr6_9NkO0hQ0Q8-7G45_O7MNsw.QOMQ0glLz3riwnxdBxPhqbtGpXESd8KpVdkuEGgdPig&dib_tag=se&keywords=iPhone+15&qid=1743846227&sr=8-21&xpid=AEJYOfD4lQ-Ob
Spigen EZ Fit Tempered Glass Screen Protector Guard for iPhone 16 / iPhone 15 (2 Pack),1519,3.8 out of 5 stars,https://www.amazon.in/Spigen-Tempered-Screen-Protector-Smartphone/dp/B0C9RX4MLV/ref=sr_1_33?dib=eyJ2IjoiMSJ9.IPZ2Igfq_rfEnE8Ux51zhgE8_79RlntnWpBJJ8TXp8n93YvlRkxOKbEiGWR-msOdGfiQr9DRmAhsWp7qoZlKtA.Gdn0ICuH8fkcfbXQesKzPzlK67dSeoYxnXqoWQ2IrRc&dib_tag=se&keywords=iPhone+15&qid=1743846229&sr=8-33&xpid=AEJYOfD4lQ-Ob
Apple iPhone 15 Pro Max (1 TB) - Black Titanium,174900,4.4 out of 5 stars,https://www.amazon.in/Apple-iPhone-15-Pro-Max/dp/B0CHXDW1B6/ref=sr_1_34?dib=eyJ2IjoiMSJ9.IPZ2Igfq_rfEnE8Ux51zhgE8_79RlntnWpBJJ8TXp8n93YvlRkxOKbEiGWR-msOdGfiQr9DRmAhsWp7qoZlKtA.Gdn0ICuH8fkcfbXQesKzPzlK67dSeoYxnXqoWQ2IrRc&dib_tag=se&keywords=iPhone+15&qid=1743846229&sr=8-34&xpid=AEJYOfD4lQ-Ob
"SQUIF Magnetic for iPhone 15 case, Lens Protector with Full Camera Protection Shockproof Matte Slim Soft Compatible with Magsafe Phone case for iPhone 15 (Black)",299,3.9 out of 5 stars,https://www.amazon.in/SQUIF-iPhone-15-Protection-Magsafe/dp/B0DRFQH8DL/ref=sr_1_35?dib=eyJ2IjoiMSJ9.IPZ2Igfq_rfEnE8Ux51zhgE8_79RlntnWpBJJ8TXp8n93YvlRkxOKbEiGWR-msOdGfiQr9DRmAhsWp7qoZlKtA.Gdn0ICuH8fkcfbXQesKzPzlK67dSeoYxnXqoWQ2IrRc&dib_tag=se&keywords=iPhone+15&qid=1743846229&sr=8-35&xpid=AEJYOfD4lQ-Ob
"WOW IMAGINE Ultra-Hybrid Back Case Cover for iPhone 15 Compatible with MagSafe | Sleek Hard Crystal Clear Back | Drop & Camera Protection | Shockproof Mobile Case For iPhone 15 (PC & TPU, Transparent)",199,4.0 out of 5 stars,https://www.amazon.in/WOW-IMAGINE-Ultra-Hybrid-Non-Yellowing-Technology/dp/B0CJNGYJKV/ref=sr_1_36?dib=eyJ2IjoiMSJ9.IPZ2Igfq_rfEnE8Ux51zhgE8_79RlntnWpBJJ8TXp8n93YvlRkxOKbEiGWR-msOdGfiQr9DRmAhsWp7qoZlKtA.Gdn0ICuH8fkcfbXQesKzPzlK67dSeoYxnXqoWQ2IrRc&dib_tag=se&keywords=iPhone+15&qid=1743846229&sr=8-36&xpid=AEJYOfD4lQ-Ob
EGOTUDE Designed for iPhone 15 Case | Strong Magnet Camera Protection Translucent Matte Hard Back Cover Compatible with Mag-Safe (TPU+Polycarbonate | Frost Black),449,4.2 out of 5 stars,https://www.amazon.in/EGOTUDE-Protection-Translucent-Compatible-Polycarbonate/dp/B0CHJ7LVJ6/ref=sr_1_37?dib=eyJ2IjoiMSJ9.IPZ2Igfq_rfEnE8Ux51zhgE8_79RlntnWpBJJ8TXp8n93YvlRkxOKbEiGWR-msOdGfiQr9DRmAhsWp7qoZlKtA.Gdn0ICuH8fkcfbXQesKzPzlK67dSeoYxnXqoWQ2IrRc&dib_tag=se&keywords=iPhone+15&qid=1743846229&sr=8-37&xpid=AEJYOfD4lQ-Ob
